[
  {
    "model": "catalog.region",
    "pk": 36,
    "fields": {
      "region": "Адыгея"
    }
  },
  {
    "model": "catalog.region",
    "pk": 5,
    "fields": {
      "region": "Алтайский край"
    }
  },
  {
    "model": "catalog.region",
    "pk": 51,
    "fields": {
      "region": "Амурская обл."
    }
  },
  {
    "model": "catalog.region",
    "pk": 54,
    "fields": {
      "region": "Архангельская обл."
    }
  },
  {
    "model": "catalog.region",
    "pk": 58,
    "fields": {
      "region": "Астраханская обл."
    }
  },
  {
    "model": "catalog.region",
    "pk": 6,
    "fields": {
      "region": "Башкортостан(Башкирия)"
    }
  },
  {
    "model": "catalog.region",
    "pk": 7,
    "fields": {
      "region": "Белгородская обл."
    }
  },
  {
    "model": "catalog.region",
    "pk": 8,
    "fields": {
      "region": "Брянская обл."
    }
  },
  {
    "model": "catalog.region",
    "pk": 9,
    "fields": {
      "region": "Бурятия"
    }
  },
  {
    "model": "catalog.region",
    "pk": 10,
    "fields": {
      "region": "Владимирская обл."
    }
  },
  {
    "model": "catalog.region",
    "pk": 11,
    "fields": {
      "region": "Волгоградская обл."
    }
  },
  {
    "model": "catalog.region",
    "pk": 12,
    "fields": {
      "region": "Вологодская обл."
    }
  },
  {
    "model": "catalog.region",
    "pk": 13,
    "fields": {
      "region": "Воронежская обл."
    }
  },
  {
    "model": "catalog.region",
    "pk": 14,
    "fields": {
      "region": "Дагестан"
    }
  },
  {
    "model": "catalog.region",
    "pk": 15,
    "fields": {
      "region": "Еврейская обл."
    }
  },
  {
    "model": "catalog.region",
    "pk": 16,
    "fields": {
      "region": "Ивановская обл."
    }
  },
  {
    "model": "catalog.region",
    "pk": 17,
    "fields": {
      "region": "Иркутская обл."
    }
  },
  {
    "model": "catalog.region",
    "pk": 18,
    "fields": {
      "region": "Кабардино-Балкария"
    }
  },
  {
    "model": "catalog.region",
    "pk": 19,
    "fields": {
      "region": "Калининградская обл."
    }
  },
  {
    "model": "catalog.region",
    "pk": 20,
    "fields": {
      "region": "Калмыкия"
    }
  },
  {
    "model": "catalog.region",
    "pk": 21,
    "fields": {
      "region": "Калужская обл."
    }
  },
  {
    "model": "catalog.region",
    "pk": 22,
    "fields": {
      "region": "Камчатская обл."
    }
  },
  {
    "model": "catalog.region",
    "pk": 23,
    "fields": {
      "region": "Карелия"
    }
  },
  {
    "model": "catalog.region",
    "pk": 24,
    "fields": {
      "region": "Кемеровская обл."
    }
  },
  {
    "model": "catalog.region",
    "pk": 25,
    "fields": {
      "region": "Кировская обл."
    }
  },
  {
    "model": "catalog.region",
    "pk": 26,
    "fields": {
      "region": "Коми"
    }
  },
  {
    "model": "catalog.region",
    "pk": 27,
    "fields": {
      "region": "Костромская обл."
    }
  },
  {
    "model": "catalog.region",
    "pk": 28,
    "fields": {
      "region": "Краснодарский край"
    }
  },
  {
    "model": "catalog.region",
    "pk": 29,
    "fields": {
      "region": "Красноярский край"
    }
  },
  {
    "model": "catalog.region",
    "pk": 30,
    "fields": {
      "region": "Курганская обл."
    }
  },
  {
    "model": "catalog.region",
    "pk": 31,
    "fields": {
      "region": "Курская обл."
    }
  },
  {
    "model": "catalog.region",
    "pk": 32,
    "fields": {
      "region": "Липецкая обл."
    }
  },
  {
    "model": "catalog.region",
    "pk": 33,
    "fields": {
      "region": "Магаданская обл."
    }
  },
  {
    "model": "catalog.region",
    "pk": 34,
    "fields": {
      "region": "Марий Эл"
    }
  },
  {
    "model": "catalog.region",
    "pk": 35,
    "fields": {
      "region": "Мордовия"
    }
  },
  {
    "model": "catalog.region",
    "pk": 1,
    "fields": {
      "region": "Москва и Московская обл."
    }
  },
  {
    "model": "catalog.region",
    "pk": 37,
    "fields": {
      "region": "Мурманская обл."
    }
  },
  {
    "model": "catalog.region",
    "pk": 38,
    "fields": {
      "region": "Нижегородская (Горьковская)"
    }
  },
  {
    "model": "catalog.region",
    "pk": 39,
    "fields": {
      "region": "Новгородская обл."
    }
  },
  {
    "model": "catalog.region",
    "pk": 40,
    "fields": {
      "region": "Новосибирская обл."
    }
  },
  {
    "model": "catalog.region",
    "pk": 41,
    "fields": {
      "region": "Омская обл."
    }
  },
  {
    "model": "catalog.region",
    "pk": 42,
    "fields": {
      "region": "Оренбургская обл."
    }
  },
  {
    "model": "catalog.region",
    "pk": 43,
    "fields": {
      "region": "Орловская обл."
    }
  },
  {
    "model": "catalog.region",
    "pk": 44,
    "fields": {
      "region": "Пензенская обл."
    }
  },
  {
    "model": "catalog.region",
    "pk": 45,
    "fields": {
      "region": "Пермская обл."
    }
  },
  {
    "model": "catalog.region",
    "pk": 46,
    "fields": {
      "region": "Приморский край"
    }
  },
  {
    "model": "catalog.region",
    "pk": 47,
    "fields": {
      "region": "Псковская обл."
    }
  },
  {
    "model": "catalog.region",
    "pk": 48,
    "fields": {
      "region": "Ростовская обл."
    }
  },
  {
    "model": "catalog.region",
    "pk": 49,
    "fields": {
      "region": "Рязанская обл."
    }
  },
  {
    "model": "catalog.region",
    "pk": 50,
    "fields": {
      "region": "Самарская обл."
    }
  },
  {
    "model": "catalog.region",
    "pk": 3,
    "fields": {
      "region": "Санкт-Петербург и область"
    }
  },
  {
    "model": "catalog.region",
    "pk": 52,
    "fields": {
      "region": "Саратовская обл."
    }
  },
  {
    "model": "catalog.region",
    "pk": 53,
    "fields": {
      "region": "Саха (Якутия)"
    }
  },
  {
    "model": "catalog.region",
    "pk": 4,
    "fields": {
      "region": "Сахалин"
    }
  },
  {
    "model": "catalog.region",
    "pk": 55,
    "fields": {
      "region": "Свердловская обл."
    }
  },
  {
    "model": "catalog.region",
    "pk": 56,
    "fields": {
      "region": "Северная Осетия"
    }
  },
  {
    "model": "catalog.region",
    "pk": 57,
    "fields": {
      "region": "Смоленская обл."
    }
  },
  {
    "model": "catalog.region",
    "pk": 2,
    "fields": {
      "region": "Ставропольский край"
    }
  },
  {
    "model": "catalog.region",
    "pk": 59,
    "fields": {
      "region": "Тамбовская обл."
    }
  },
  {
    "model": "catalog.region",
    "pk": 60,
    "fields": {
      "region": "Татарстан"
    }
  },
  {
    "model": "catalog.region",
    "pk": 61,
    "fields": {
      "region": "Тверская обл."
    }
  },
  {
    "model": "catalog.region",
    "pk": 62,
    "fields": {
      "region": "Томская обл."
    }
  },
  {
    "model": "catalog.region",
    "pk": 63,
    "fields": {
      "region": "Тува (Тувинская Респ.)"
    }
  },
  {
    "model": "catalog.region",
    "pk": 64,
    "fields": {
      "region": "Тульская обл."
    }
  },
  {
    "model": "catalog.region",
    "pk": 65,
    "fields": {
      "region": "Тюменская обл."
    }
  },
  {
    "model": "catalog.region",
    "pk": 66,
    "fields": {
      "region": "Удмуртия"
    }
  },
  {
    "model": "catalog.region",
    "pk": 67,
    "fields": {
      "region": "Ульяновская обл."
    }
  },
  {
    "model": "catalog.region",
    "pk": 68,
    "fields": {
      "region": "Уральская обл."
    }
  },
  {
    "model": "catalog.region",
    "pk": 69,
    "fields": {
      "region": "Хабаровский край"
    }
  },
  {
    "model": "catalog.region",
    "pk": 70,
    "fields": {
      "region": "Хакасия"
    }
  },
  {
    "model": "catalog.region",
    "pk": 71,
    "fields": {
      "region": "Ханты-Мансийский АО"
    }
  },
  {
    "model": "catalog.region",
    "pk": 72,
    "fields": {
      "region": "Челябинская обл."
    }
  },
  {
    "model": "catalog.region",
    "pk": 73,
    "fields": {
      "region": "Чечено-Ингушетия"
    }
  },
  {
    "model": "catalog.region",
    "pk": 74,
    "fields": {
      "region": "Читинская обл."
    }
  },
  {
    "model": "catalog.region",
    "pk": 75,
    "fields": {
      "region": "Чувашия"
    }
  },
  {
    "model": "catalog.region",
    "pk": 76,
    "fields": {
      "region": "Чукотский АО"
    }
  },
  {
    "model": "catalog.region",
    "pk": 77,
    "fields": {
      "region": "Ямало-Ненецкий АО"
    }
  },
  {
    "model": "catalog.region",
    "pk": 78,
    "fields": {
      "region": "Ярославская обл."
    }
  },
  {
    "model": "catalog.spot",
    "pk": 1,
    "fields": {
      "user": 1,
      "region": 1,
      "name": "Большой Садовый пруд",
      "text": "<p>Пруд возле Пряников</p>",
      "lat": 55.834593,
      "lon": 37.540962,
      "date_created": "2023-12-14T19:07:11.467Z",
      "status_free": false,
      "is_active": true
    }
  },
  {
    "model": "catalog.spot",
    "pk": 6,
    "fields": {
      "user": 1,
      "region": 2,
      "name": "Вшивое озеро",
      "text": "<p>Вшивое озеро - естественный бессточный водоем на Ставропольской возвышенности, образовавшийся более миллиона лет назад. Существует два варианта объяснения названия &laquo;Вшивое&raquo;. Первая версия ученого-краеведа В. Гниловского заключается в том, что в этом реликтовом для Ставропольской возвышенности водоеме всегда было много водяных блох, циклопов и других представителей рачков, что у обывателя ассоциируется со словом &laquo;вши&raquo;. Но есть другая версия, о которой говорит известный краевед и ученый Г.Н. Прозрителев. Татарское слово &laquo;уший&raquo; означает - &laquo;три&raquo;. Кстати, в окрестностях города Ставрополя всего три крупных естественных водоема: Кравцово озеро, Сенгилеевское водохранилище и Вшивое озеро.<br />\r\n<br />\r\nВшивое озеро находится на водоразделе рек Грачевки и Егорлыка на высоте 505 метров над уровнем моря. Озеро расположено в трех километрах к югу-востоку от поселка Дёмино прямо у дороги, ведущей к хутору Холодногорскому Шпаковского района. В длину около 3-х километров, а в ширину больше километра. Его площадь 235,8 гектаров. В прошлом большая часть этого водоема представляла заболоченную местность, поросшую камышом и тростником. В1995 году картина поменялась. Проливные дожди наполнили этот водный объект, а затем люди очистили его от водорослей. Вшивое озеро получило свое второе рождение.<br />\r\n<br />\r\nЧтобы полюбоваться на озеро Вшивое с возвышенности вам необходимо доехать до хутора Холодногорский. На вьезде справа увидите возвышенность. Это иммено то, что вам надо. Забираетесь на гору и любуйтесь отличными видами на Озеро Вшивое и окрестности хутора Холодногорский. Let&rsquo;s&nbsp;StavTravel!</p>\r\n\r\n<p>Объект &quot;Вшивое озеро&quot; включен в перечень особо охраняемых природных территорий краевого значения в Ставропольском крае. Категория: государственный природный заказник.&nbsp;Необходимо соблюдать установленный природоохранный режим.</p>",
      "lat": 44.969712,
      "lon": 42.071752,
      "date_created": "2023-12-17T12:03:48.769Z",
      "status_free": false,
      "is_active": true
    }
  },
  {
    "model": "catalog.spot",
    "pk": 7,
    "fields": {
      "user": 1,
      "region": 2,
      "name": "Кравцово озеро",
      "text": "<p>Кравцово озеро-болото - это уникальный реликтовый объект Ставропольской возвышенности. Отложения на дне водоема накапливались слоями 10 тысяч лет и теперь хранят интересную информацию.<br />\r\n<br />\r\nВодоем появился сотни тысяч лет назад &mdash; в эпоху великого оледенения. Здесь было два плавучих острова. Но один прибился к берегу, а второй до сих пор курсирует по всему водоему. Но главная особенность озера &mdash; торфяные отложения на дне, которые называют геологической летописью (По спорам можно понять, что росло несколько веков назад).<br />\r\n<br />\r\nУдивительной особенностью этого водоема является то, что он периодически то зарастает, превращаясь в болото, то вдруг вновь становится озером. Это связано с атмосферными осадками и подпиткой грунтовыми водами. В северной части водоема бьют подводные родники.<br />\r\nКравцово озеро не пригодно для отдыха, но уникально, как объект природы. Здесь сохранились растения и обитают животные, занесенные в Красную книгу.<br />\r\n<br />\r\nВ озере обитает сазан, серебряный карась, окунь, плотва, рак. Рыбалка тут разрешена, но только в специальных местах. Любителей порыбачить не останавливает ни жара, ни холод. Даже зимой лед и метель им не помеха.<br />\r\n<br />\r\nПри подготовке текста использовались материалы из книги В.Л. Гаазова, М.Н. Лец &laquo;Ставрополь и&nbsp;&nbsp;его окрестности&raquo;</p>\r\n\r\n<p>Объект &quot;Кравцово озеро&quot; включен в перечень особо охраняемых природных территорий краевого значения в Ставропольском крае. Категория: государственный природный заказник.&nbsp;Необходимо соблюдать установленный природоохранный режим.</p>",
      "lat": 45.010273,
      "lon": 41.82035,
      "date_created": "2023-12-17T12:07:21.872Z",
      "status_free": false,
      "is_active": true
    }
  },
  {
    "model": "catalog.spot",
    "pk": 8,
    "fields": {
      "user": 1,
      "region": 2,
      "name": "Егорлыкское водохранилище",
      "text": "<p>Водосброс на Буферном водохранилище.</p>",
      "lat": 45.053786,
      "lon": 41.634048,
      "date_created": "2023-12-17T12:12:53.694Z",
      "status_free": false,
      "is_active": true
    }
  },
  {
    "model": "catalog.spot",
    "pk": 9,
    "fields": {
      "user": 1,
      "region": 2,
      "name": "Тугулукское водохранилище",
      "text": "<p>В окрестностях села Тугулук расположилось&nbsp;потрясающей красоты озеро. Со склонов у озера, часто летают ставропольские парапланеристы.</p>",
      "lat": 45.352793,
      "lon": 42.162551,
      "date_created": "2023-12-17T12:14:57.222Z",
      "status_free": false,
      "is_active": true
    }
  },
  {
    "model": "catalog.spot",
    "pk": 10,
    "fields": {
      "user": 1,
      "region": 1,
      "name": "Черное озеро",
      "text": "<p>Данный водоем возник на месте глубокого карьера, а чистая вода &ndash; его визитная карточка. Озеро располагает чудесным пейзажем, поэтому рыбалка может быть отличным занятием для отдыха с детьми. Запах хвойного леса и щебет местных птиц позволят отвлечься от рутинных будней, а поклевки карася и ротана сделают рыбалку более полноценной.</p>",
      "lat": 56.040902,
      "lon": 38.204376,
      "date_created": "2023-12-17T12:28:20.738Z",
      "status_free": null,
      "is_active": true
    }
  },
  {
    "model": "catalog.spot",
    "pk": 11,
    "fields": {
      "user": 1,
      "region": 1,
      "name": "Лыковский пруд",
      "text": "<p>Если хочется уединения, то следует покинуть Васюнино и проехать еще несколько километров. Двигаясь через поле по грунтовой дороге, глазу вырисовывается другой водоем. Нелюдимость и первозданная природа &ndash; это то, что так необходимо современному человеку, выбравшемуся отдохнуть от каменных джунглей. Водоем почти со всех сторон окружен лесным массивом и лишь с одной &ndash; лугом. Акватория богата на карповые виды рыб, а также на хищника. Нередко рыболовы посещают Лыковский пруд со спиннингом, соблазняя на поклевки окуня и мерную щуку.</p>",
      "lat": 55.248028,
      "lon": 36.972808,
      "date_created": "2023-12-17T12:30:10.279Z",
      "status_free": false,
      "is_active": true
    }
  },
  {
    "model": "catalog.spot",
    "pk": 12,
    "fields": {
      "user": 1,
      "region": 1,
      "name": "Медвежьи озера",
      "text": "<p>Если хочется половить с лодки, то лучшим выбором станут Медвежьи озера. Добраться до них можно как на собственном транспорте, так и автобусом, направляясь по Щелковскому шоссе. На крупном озере располагается частное хозяйство, поэтому ловля здесь платная. Однако на соседнем водоеме можно отрыбачить без денежных взносов. Там попадается карась, плотва, а на спиннинг &ndash; окунь и щука. Ловят на озере как спиннингом, так и на живца. Среди привычной добычи также встречается угорь, который станет настоящим венцом рыболовного дня. Ловля с берега &ndash; не лучшая затея, поскольку озеро окружено плотной стеной камыша, а подходов к воде мало.</p>",
      "lat": 55.864334,
      "lon": 37.997368,
      "date_created": "2023-12-17T12:31:35.306Z",
      "status_free": true,
      "is_active": true
    }
  },
  {
    "model": "catalog.spot",
    "pk": 13,
    "fields": {
      "user": 1,
      "region": 3,
      "name": "Река Волхов",
      "text": "<p>Это идеальное место для предпочитающих рыбачить с моторной резиновой лодки. По словам профессионалов, рыбные участки можно найти именно в центре этого водоема. Отлично ловится рыба: язь; щука; сом; судак. Рыбачить можно в какой угодно сезон, но летняя рыбалка является более предпочтительной, так как это идеальная возможность получить параллельное удовольствие от окружающей природы. &mdash; подробнее: https://horosho-tam.ru/rossiya/sankt-peterburg/mesta-dlya-rybalki-v-spb</p>",
      "lat": 59.279998,
      "lon": 31.842169,
      "date_created": "2023-12-17T12:38:22.721Z",
      "status_free": false,
      "is_active": true
    }
  },
  {
    "model": "catalog.spot",
    "pk": 14,
    "fields": {
      "user": 1,
      "region": 3,
      "name": "Заречное озеро",
      "text": "<p>Находится рядом с п. Кузнечное. Обязательно понравится всем без исключения любителям рыбачить в тени достаточно зелени. Водоем со всех сторон окружен множеством деревьев. Особо приятно проводить время в этой местности в жаркий день. &mdash; подробнее: https://horosho-tam.ru/rossiya/sankt-peterburg/mesta-dlya-rybalki-v-spb</p>",
      "lat": 60.785538,
      "lon": 28.57213,
      "date_created": "2023-12-17T12:40:34.296Z",
      "status_free": null,
      "is_active": true
    }
  },
  {
    "model": "catalog.spot",
    "pk": 15,
    "fields": {
      "user": 1,
      "region": 4,
      "name": "озеро Тунайча",
      "text": "<p>Это соленый водоем площадью 174 квадратных километра, расположенный в Корсаковском районе. В чистейшей соленой воде (озеро соединено протокой с заливом Мордвинова) обитает около 30 видов рыб, среди которых треть &mdash; лососевые.&nbsp;</p>",
      "lat": 46.759637,
      "lon": 143.221217,
      "date_created": "2023-12-17T12:45:51.970Z",
      "status_free": false,
      "is_active": true
    }
  },
  {
    "model": "catalog.spot",
    "pk": 16,
    "fields": {
      "user": 1,
      "region": 4,
      "name": "озеро Невское",
      "text": "<p>Озеро Невское &mdash; самое крупное на острове, имеет площадь 178 квадратных километров и расположено в Поронайском районе. В соленое озеро впадает 7 рек, в его водах обитает 14 видов рыб восьми различных семейств.&nbsp;</p>",
      "lat": 49.359632,
      "lon": 143.393802,
      "date_created": "2023-12-17T12:50:10.042Z",
      "status_free": false,
      "is_active": true
    }
  },
  {
    "model": "catalog.spot",
    "pk": 17,
    "fields": {
      "user": 1,
      "region": 5,
      "name": "Телецкое озеро",
      "text": "<p>Телецкое озеро &ndash; это жемчужина Горного Алтая.&nbsp; Оно является одним из самых глубоководных на планете, в него впадает около 70 горных рек и речушек с кристально чистой водой.</p>\r\n\r\n<p>Каждый уважающий себя рыбак хоть раз в жизни должен здесь побывать. Ловля рыбы на Телецком сильно отличается от других мест, ведь здесь даже ветер может дуть с четырех сторон одновременно, поэтому нужна особая сноровка.</p>\r\n\r\n<p>Озеро по праву считается одним из самых рыбных. В нем водятся как привычные всем виды, так и эндемики, обитающие только здесь, например, телецкий сиг и сиг Правдина. Однако славится озеро все-таки налимом и &laquo;горным&raquo; тайменем.</p>\r\n\r\n<p>Большой плюс Телецкого озера еще и в том, что рыбалка здесь хороша в любое время года (даже зимой озеро не замерзает). Безусловно, лето &ndash; вне конкуренции, ведь помимо рыбалки вы сможете насладиться великолепными пейзажами. На берегу озера есть турбазы, где можно остановиться.</p>",
      "lat": 51.588647,
      "lon": 87.665582,
      "date_created": "2023-12-17T12:53:04.456Z",
      "status_free": false,
      "is_active": true
    }
  },
  {
    "model": "catalog.spot",
    "pk": 18,
    "fields": {
      "user": 1,
      "region": 5,
      "name": "Река Катунь",
      "text": "<p>Катунь &ndash; это крупнейшая горная река Алтая с ледяной водой и очень быстрым течением. Здесь обитают 28 видов рыб. Самые ценные &mdash; налим, таймень, хариус. Рыбаки из разных регионов едут сюда именно за хариусом. Особенно хорошо он ловится в верховьях реки, в районе села Тюнгюр. Самое удачное время для ловли &ndash; вторая половина августа и сентябрь. Рыбачат на Катуни, как правило, спиннингом, поплавочной удочкой, нахлыстом, донкой.</p>\r\n\r\n<p>По берегам Катуни находится множество туристических баз, поэтому с размещением точно проблем не будет. Кроме того, на Алтае очень популярны рыболовные туры в эти места. Стоимость их колеблется от 3 до 30 тысяч рублей в зависимости от длительности и места.</p>",
      "lat": 50.99251,
      "lon": 86.18625433,
      "date_created": "2023-12-17T12:57:15.504Z",
      "status_free": false,
      "is_active": true
    }
  },
  {
    "model": "catalog.spot",
    "pk": 19,
    "fields": {
      "user": 1,
      "region": 5,
      "name": "Река Бия",
      "text": "<p>Река Бия является одним из лучших мест для рыбалки на Алтае. Недаром сюда приезжают даже самые искушенные рыбаки. Во-первых, клев на Бии &ndash; всегда на зависть. Во-вторых, река славится трофейными экземплярами. В-третьих,&nbsp; великолепные пейзажи горной местности вас точно не оставят равнодушными. Как правило, ловят здесь с помощью спиннинга. Рыбалка разрешена круглый год за исключением нерестового периода. Стоит отметить, что рыбалка на Бии не проста, так как у реки нестандартный ландшафт, но настоящих рыболовов это лишь еще больше подзадоривает.</p>\r\n\r\n<p>Бия славится наличием так называемых &laquo;тайменьих ям&raquo;, однако не забывайте, что таймень занесен в Красную книгу и его вылов запрещен. Поэтому, даже если вы его поймаете, то обязаны отпустить. Немало на Бии и хариуса, которого так любят рыбаки. По берегам есть несколько хороших рыболовных и туристических баз.</p>",
      "lat": 51.467998,
      "lon": 87.471492,
      "date_created": "2023-12-17T12:59:30.882Z",
      "status_free": false,
      "is_active": true
    }
  },
  {
    "model": "catalog.spotmainimage",
    "pk": 1,
    "fields": {
      "spot": 1,
      "image": "reservoir/1/1/17_12_23_12_00.png"
    }
  },
  {
    "model": "catalog.spotmainimage",
    "pk": 4,
    "fields": {
      "spot": 6,
      "image": "reservoir/1/6/17_12_23_12_03.jpg"
    }
  },
  {
    "model": "catalog.spotmainimage",
    "pk": 5,
    "fields": {
      "spot": 7,
      "image": "reservoir/1/7/17_12_23_12_07.jpg"
    }
  },
  {
    "model": "catalog.spotmainimage",
    "pk": 6,
    "fields": {
      "spot": 8,
      "image": "reservoir/1/8/17_12_23_12_12.jpg"
    }
  },
  {
    "model": "catalog.spotmainimage",
    "pk": 7,
    "fields": {
      "spot": 9,
      "image": "reservoir/1/9/17_12_23_12_14.jpg"
    }
  },
  {
    "model": "catalog.spotmainimage",
    "pk": 8,
    "fields": {
      "spot": 10,
      "image": "reservoir/1/10/17_12_23_12_28.jpg"
    }
  },
  {
    "model": "catalog.spotmainimage",
    "pk": 9,
    "fields": {
      "spot": 11,
      "image": "reservoir/1/11/17_12_23_12_30.jpg"
    }
  },
  {
    "model": "catalog.spotmainimage",
    "pk": 10,
    "fields": {
      "spot": 12,
      "image": "reservoir/1/12/17_12_23_12_31.jpg"
    }
  },
  {
    "model": "catalog.spotmainimage",
    "pk": 11,
    "fields": {
      "spot": 13,
      "image": "reservoir/1/13/17_12_23_12_38.jpg"
    }
  },
  {
    "model": "catalog.spotmainimage",
    "pk": 12,
    "fields": {
      "spot": 14,
      "image": "reservoir/1/14/17_12_23_12_40.jpg"
    }
  },
  {
    "model": "catalog.spotmainimage",
    "pk": 13,
    "fields": {
      "spot": 15,
      "image": "reservoir/1/15/17_12_23_12_45.jpg"
    }
  },
  {
    "model": "catalog.spotmainimage",
    "pk": 14,
    "fields": {
      "spot": 16,
      "image": "reservoir/1/16/17_12_23_12_50.jpg"
    }
  },
  {
    "model": "catalog.spotmainimage",
    "pk": 15,
    "fields": {
      "spot": 17,
      "image": "reservoir/1/17/17_12_23_12_53.jpg"
    }
  },
  {
    "model": "catalog.spotmainimage",
    "pk": 16,
    "fields": {
      "spot": 18,
      "image": "reservoir/1/18/17_12_23_12_57.jpg"
    }
  },
  {
    "model": "catalog.spotmainimage",
    "pk": 17,
    "fields": {
      "spot": 19,
      "image": "reservoir/1/19/17_12_23_12_59.jpg"
    }
  },
  {
    "model": "catalog.spotimages",
    "pk": 3,
    "fields": {
      "spot": 1,
      "image": "reservoir/1/1/17_12_23_12_00.jpg"
    }
  },
  {
    "model": "catalog.spotimages",
    "pk": 4,
    "fields": {
      "spot": 1,
      "image": "reservoir/1/1/17_12_23_12_00.2e16d0ba"
    }
  },
  {
    "model": "catalog.spotimages",
    "pk": 5,
    "fields": {
      "spot": 6,
      "image": "reservoir/1/6/17_12_23_12_03_zdH3UIn.jpg"
    }
  },
  {
    "model": "catalog.spotimages",
    "pk": 6,
    "fields": {
      "spot": 6,
      "image": "reservoir/1/6/17_12_23_12_03_RVxU1GB.jpg"
    }
  },
  {
    "model": "catalog.spotimages",
    "pk": 7,
    "fields": {
      "spot": 7,
      "image": "reservoir/1/7/17_12_23_12_07_NNK2I5O.jpg"
    }
  },
  {
    "model": "catalog.spotimages",
    "pk": 8,
    "fields": {
      "spot": 7,
      "image": "reservoir/1/7/17_12_23_12_07_pbVbbA2.jpg"
    }
  },
  {
    "model": "catalog.spotimages",
    "pk": 9,
    "fields": {
      "spot": 8,
      "image": "reservoir/1/8/17_12_23_12_12_JDTkPGl.jpg"
    }
  },
  {
    "model": "catalog.spotimages",
    "pk": 10,
    "fields": {
      "spot": 8,
      "image": "reservoir/1/8/17_12_23_12_12_bsLL73h.jpg"
    }
  },
  {
    "model": "catalog.spotimages",
    "pk": 11,
    "fields": {
      "spot": 9,
      "image": "reservoir/1/9/17_12_23_12_14_FfwrXQq.jpg"
    }
  },
  {
    "model": "catalog.spotimages",
    "pk": 12,
    "fields": {
      "spot": 9,
      "image": "reservoir/1/9/17_12_23_12_14_dKWCOIG.jpg"
    }
  },
  {
    "model": "catalog.spotimages",
    "pk": 13,
    "fields": {
      "spot": 10,
      "image": "reservoir/1/10/17_12_23_12_28_ZGoWfH2.jpg"
    }
  },
  {
    "model": "catalog.spotimages",
    "pk": 14,
    "fields": {
      "spot": 11,
      "image": "reservoir/1/11/17_12_23_12_30_a22MI7P.jpg"
    }
  },
  {
    "model": "catalog.spotimages",
    "pk": 15,
    "fields": {
      "spot": 12,
      "image": "reservoir/1/12/17_12_23_12_31_rpVNsO1.jpg"
    }
  },
  {
    "model": "catalog.spotimages",
    "pk": 16,
    "fields": {
      "spot": 15,
      "image": "reservoir/1/15/17_12_23_12_45_AWP8QDi.jpg"
    }
  },
  {
    "model": "catalog.spotimages",
    "pk": 17,
    "fields": {
      "spot": 16,
      "image": "reservoir/1/16/17_12_23_12_50_HMo28lb.jpg"
    }
  },
  {
    "model": "catalog.spotimages",
    "pk": 18,
    "fields": {
      "spot": 16,
      "image": "reservoir/1/16/17_12_23_12_50_a48Od6T.jpg"
    }
  },
  {
    "model": "catalog.spotimages",
    "pk": 19,
    "fields": {
      "spot": 17,
      "image": "reservoir/1/17/17_12_23_12_53_mzFu2bi.jpg"
    }
  },
  {
    "model": "catalog.spotimages",
    "pk": 20,
    "fields": {
      "spot": 17,
      "image": "reservoir/1/17/17_12_23_12_53_02XjMg0.jpg"
    }
  },
  {
    "model": "catalog.spotimages",
    "pk": 21,
    "fields": {
      "spot": 18,
      "image": "reservoir/1/18/17_12_23_12_57_dXqi6m9.jpg"
    }
  },
  {
    "model": "catalog.spotimages",
    "pk": 22,
    "fields": {
      "spot": 18,
      "image": "reservoir/1/18/17_12_23_12_57_SgLdTEB.jpg"
    }
  },
  {
    "model": "catalog.spotimages",
    "pk": 23,
    "fields": {
      "spot": 19,
      "image": "reservoir/1/19/17_12_23_12_59_dZPaEGQ.jpg"
    }
  }
]
